Feature,Importance
Year,0.3717900811860972
Weekly_Average,0.3102782044792771
Total_Interest,0.249643315810729
Amazon Affiliate Marketing,0.04499576969352127
Amazon Associates,0.011483037530485915
Month,0.009663715756972412
Make Money Pinterest,0.0013926350418805285
Pinterest Affiliate Marketing,0.0007532405010365189
